<?xml version="1.0" encoding="UTF-8" ?>
<!DOCTYPE mapper PUBLIC "-//mybatis.org//DTD Mapper 3.0//EN"  "http://mybatis.org/dtd/mybatis-3-mapper.dtd" >
<mapper namespace="com.investcloud.fsm.skynet.usermgmt.mapper.AppMapper">

    <!--Query all-->
    <select id="query" resultType="UserMgmtApp">
        select * from USER_MGMT_APP
        where
        1=1
        <if test="name != null and name != ''">
            AND name = UPPER(#{name})
        </if>
    </select>


    <insert id="insert">
        insert into USER_MGMT_APP (NAME,DESCRIPTION) VALUES(UPPER(#{name}),#{description})
    </insert>

    <update id="update">
        update USER_MGMT_APP SET DESCRIPTION=#{description} WHERE NAME=UPPER(#{name})
    </update>

    <delete id="delete" parameterType="String">
        DELETE FROM USER_MGMT_APP where NAME=UPPER(#{name})
    </delete>
</mapper>