<?xml version="1.0" encoding="UTF-8" ?>
<!DOCTYPE mapper PUBLIC "-//mybatis.org//DTD Mapper 3.0//EN"  "http://mybatis.org/dtd/mybatis-3-mapper.dtd" >
<mapper namespace="com.investcloud.fsm.skynet.usermgmt.mapper.LeaseMapper">

    <!--Query all-->
    <select id="getAvailableUserIds" resultType="Integer">
        <![CDATA[
            select USER_ID
            from
                USER_MGMT_USER_APP_ENV_MAPPING
            where
                  ENV_NAME = UPPER(#{envName})
            and   APP_NAME = UPPER(#{appName})
            and USER_ID NOT IN
            (
                Select USER_ID
                from
                    USER_MGMT_LEASE_INFO
                where
                          ENV_NAME = UPPER(#{envName})
                    and   APP_NAME = UPPER(#{appName})
                    and   EXPIRY > NOW()
            )
        ]]>
    </select>
<!--oracle                     and   EXPIRY > SYSDATE-->

    <insert id="createLease">
        insert into USER_MGMT_LEASE_INFO (USER_ID,APP_NAME,ENV_NAME, EXPIRY)
        VALUES(#{info.userId},UPPER(#{info.appName}),UPPER(#{info.envName}), TIMESTAMPADD(MINUTE , #{leaseTimeInMin}, NOW()) )
    </insert>

    <insert id="updateLease">
        UPDATE USER_MGMT_LEASE_INFO
         SET EXPIRY=TIMESTAMPADD(MINUTE , #{leaseTimeInMin}, NOW()),
        LEASED_AT = NOW()
        WHERE
            USER_ID= #{info.userId}
        AND APP_NAME= UPPER(#{info.appName})
        AND ENV_NAME= UPPER(#{info.envName})
    </insert>

    <delete id="resetLease">
        DELETE
        FROM
        USER_MGMT_LEASE_INFO
        WHERE
        1=1
        <if test="userId!=null and userId > 0 ">
            AND USER_ID= #{userId}
        </if>

        <if test="appName != null and appName != ''">
            AND APP_NAME= UPPER(#{appName})
        </if>

        <if test="envName != null and envName != ''">
            AND ENV_NAME= UPPER(#{envName})
        </if>

    </delete>

    <select id="getLeaseInfo" resultType="UserLeasePermit">
        Select
        lease.APP_NAME as appName,
        lease.ENV_NAME as envName,
        lease.EXPIRY as willExpireAt,
        lease.LEASED_AT as leasedAt,
        users.NAME as userName,
        users.ID as userId,
        users.PASSWORD
        from
        USER_MGMT_LEASE_INFO lease,
        USER_MGMT_USERS users
        where
        lease.USER_ID = users.id
        <if test="userId!=null and userId > 0 ">
            and lease.USER_ID=#{userId}
        </if>

        <if test="appName != null and appName != ''">
            and lease.APP_NAME=UPPER(#{appName})
        </if>

        <if test="envName != null and envName != ''">
            and lease.ENV_NAME=UPPER(#{envName})
        </if>


    </select>

    <select id="getCurrentTime" resultType="Date">
        select NOW() from dual
    </select>
</mapper>