<?xml version="1.0" encoding="UTF-8" ?>
<!DOCTYPE mapper PUBLIC "-//mybatis.org//DTD Mapper 3.0//EN"  "http://mybatis.org/dtd/mybatis-3-mapper.dtd" >
<mapper namespace="com.investcloud.fsm.skynet.usermgmt.mapper.LinkMapper">

    <!--Query all-->
    <select id="query" resultType="UserAppEnvMapping">
        select
        mapping.USER_ID as userId,
        mapping.APP_NAME as appName,
        mapping.ENV_NAME as envName,
        users.NAME as userName
        from
        USER_MGMT_USERS users
        left outer join        USER_MGMT_USER_APP_ENV_MAPPING mapping on         mapping.USER_ID = users.id
        where 1=1
        <if test="userId != null and userId > 0">
            AND mapping.USER_ID = #{userId}
        </if>

        <if test="appName != null and appName != ''">
            AND mapping.APP_NAME = UPPER(#{appName})
        </if>
        <if test="envName != null and envName != ''">
            AND mapping.ENV_NAME = UPPER(#{envName})
        </if>
        <if test="userName != null and userName != ''">
            AND users.NAME = #{userName}
        </if>

    </select>


    <insert id="insert">
        insert into USER_MGMT_USER_APP_ENV_MAPPING (USER_ID,APP_NAME,ENV_NAME) VALUES(#{userId},
        UPPER(#{appName}),UPPER(#{envName}))
    </insert>

    <insert id="delete">
        delete from USER_MGMT_USER_APP_ENV_MAPPING where USER_ID=#{userId}
        and APP_NAME = UPPER(#{appName})
        and ENV_NAME = UPPER(#{envName})
    </insert>

</mapper>