<?xml version="1.0" encoding="UTF-8" ?>
<!DOCTYPE mapper PUBLIC "-//mybatis.org//DTD Mapper 3.0//EN"  "http://mybatis.org/dtd/mybatis-3-mapper.dtd" >
<mapper namespace="com.investcloud.fsm.skynet.usermgmt.mapper.UserMapper">

    <!--Query all-->
    <select id="query" resultType="UserMgmtUser">
        select * from USER_MGMT_USERS
        where
        1=1
        <if test="name != null and name != ''">
            AND name = #{name}
        </if>
        <if test="id!=null and id > 0 ">
            AND id = #{id}
        </if>
    </select>

    <insert id="insert">
        <selectKey keyProperty="id" resultType="int" order="AFTER">
            select MAX(ID) from USER_MGMT_USERS;
        </selectKey>
        insert into USER_MGMT_USERS (NAME,PASSWORD) VALUES(#{name},#{password})
    </insert>

    <update id="updatePassword">
        update USER_MGMT_USERS SET PASSWORD=#{password} WHERE ID=#{id}
    </update>

    <delete id="delete" parameterType="int">
        DELETE FROM USER_MGMT_USERS where ID=#{id}
    </delete>

</mapper>