<?xml version="1.0" encoding="UTF-8"?>
<databaseChangeLog xmlns="http://www.liquibase.org/xml/ns/dbchangelog"
                   xmlns:xsi="http://www.w3.org/2001/XMLSchema-instance"
                   xsi:schemaLocation="http://www.liquibase.org/xml/ns/dbchangelog
http://www.liquibase.org/xml/ns/dbchangelog/dbchangelog-4.1.xsd">

    <property name="now" value="sysdate" dbms="oracle"/>
    <property name="now" value="now()" dbms="mysql"/>
    <property name="now" value="sysdate" dbms="h2"/>

    <changeSet id="CREATE_LEASE_INFO_TABLE" author="sriram">
        <createTable tableName="USER_MGMT_LEASE_INFO">

            <column name="USER_ID" type="int">
                <constraints nullable="false"/>
            </column>
            <column name="APP_NAME" type="varchar(100)">
                <constraints nullable="false"/>
            </column>
            <column name="ENV_NAME" type="varchar(100)">
                <constraints nullable="false"/>
            </column>
            <column name="LEASED_AT" type="timestamp" defaultValueDate="${now}">
            </column>
            <column name="EXPIRY" type="timestamp">
            </column>

        </createTable>
    </changeSet>

    <changeSet id="addForeignKeyConstraint-userId" author="sriram">
        <addForeignKeyConstraint baseColumnNames="USER_ID"
                                 baseTableName="USER_MGMT_LEASE_INFO"
                                 baseTableSchemaName="${USER_MANAGEMENT_DB_SCHEMA}"
                                 constraintName="fk_user_id_lease"
                                 onDelete="RESTRICT"
                                 onUpdate="RESTRICT"
                                 referencedColumnNames="ID"
                                 referencedTableName="USER_MGMT_USERS"
                                 referencedTableSchemaName="${USER_MANAGEMENT_DB_SCHEMA}"
                                 validate="true"/>

        <addForeignKeyConstraint baseColumnNames="APP_NAME"
                                 baseTableName="USER_MGMT_LEASE_INFO"
                                 baseTableSchemaName="${USER_MANAGEMENT_DB_SCHEMA}"
                                 constraintName="fk_app_name_lease"
                                 onDelete="RESTRICT"
                                 onUpdate="RESTRICT"
                                 referencedColumnNames="NAME"
                                 referencedTableName="USER_MGMT_APP"
                                 referencedTableSchemaName="${USER_MANAGEMENT_DB_SCHEMA}"
                                 validate="true"/>


        <addForeignKeyConstraint baseColumnNames="ENV_NAME"
                                 baseTableName="USER_MGMT_LEASE_INFO"
                                 baseTableSchemaName="${USER_MANAGEMENT_DB_SCHEMA}"
                                 constraintName="fk_env_name_lease"
                                 onDelete="RESTRICT"
                                 onUpdate="RESTRICT"
                                 referencedColumnNames="NAME"
                                 referencedTableName="USER_MGMT_ENV"
                                 referencedTableSchemaName="${USER_MANAGEMENT_DB_SCHEMA}"
                                 validate="true"/>

    </changeSet>
</databaseChangeLog>