<?xml version="1.0" encoding="UTF-8"?>
<databaseChangeLog xmlns="http://www.liquibase.org/xml/ns/dbchangelog"
                   xmlns:xsi="http://www.w3.org/2001/XMLSchema-instance"
                   xsi:schemaLocation="http://www.liquibase.org/xml/ns/dbchangelog
http://www.liquibase.org/xml/ns/dbchangelog/dbchangelog-4.1.xsd">
    <changeSet id="CREATE_ENV_TABLE" author="sriram">
        <createTable tableName="USER_MGMT_ENV">
            <column name="NAME" type="varchar(100)">
                <constraints primaryKey="true" primaryKeyName="ENV_ID_PK" nullable="false"/>
            </column>

            <column name="DESCRIPTION" type="varchar(250)"></column>
        </createTable>
    </changeSet>

</databaseChangeLog>