<?xml version="1.0" encoding="UTF-8"?>
<databaseChangeLog xmlns="http://www.liquibase.org/xml/ns/dbchangelog"
                   xmlns:xsi="http://www.w3.org/2001/XMLSchema-instance"
                   xsi:schemaLocation="http://www.liquibase.org/xml/ns/dbchangelog
http://www.liquibase.org/xml/ns/dbchangelog/dbchangelog-4.1.xsd">
    <changeSet id="CREATE_USERS_TABLE" author="sriram">
        <createTable tableName="USER_MGMT_USERS">
            <column name="ID" type="int">
                <constraints primaryKey="true" primaryKeyName="USER_ID_PK" nullable="false"/>
            </column>
            <column name="NAME" type="varchar(250)">
                <constraints nullable="false"/>
            </column>
            <column name="PASSWORD" type="varchar(250)">
                <constraints nullable="false"/>
            </column>
        </createTable>
    </changeSet>

    <changeSet id="addAutoIncrement" author="sriram" dbms="!mysql">
        <addDefaultValue columnDataType="int"
                         columnName="ID"
                         defaultValueSequenceNext="user_mgmt_user_seq"
                         schemaName="${USER_MANAGEMENT_DB_SCHEMA}"
                         tableName="USER_MGMT_USERS"/>
    </changeSet>

    <changeSet id="addAutoIncrementInMysql" author="sriram" dbms="mysql">
        <addAutoIncrement
                columnDataType="int"
                columnName="ID"
                incrementBy="1"
                schemaName="${USER_MANAGEMENT_DB_SCHEMA}"
                startWith="100"
                tableName="USER_MGMT_USERS"/>
    </changeSet>

</databaseChangeLog>